time,Invivo data
0,0.0033
2,0.1316
4,0.04991
8,0.0132
12,0.00584
24,0.0034
